bin_low,bin_high,n_games,mean_pred,actual_rate,gap
0.1,0.2,117,0.1741378183968845,0.1282051282051282,0.045932690191756304
0.2,0.3,256,0.24878886155858698,0.234375,0.014413861558586982
0.3,0.4,244,0.3518762733241829,0.36885245901639346,-0.016976185692210544
0.4,0.5,346,0.4517921654938864,0.44508670520231214,0.006705460291574261
0.5,0.6,356,0.5521456863354586,0.5196629213483146,0.032482764987143975
0.6,0.7,347,0.6544863529935704,0.6138328530259366,0.04065349996763379
0.7,0.8,415,0.7495712404849205,0.7012048192771084,0.048366421207812094
0.8,0.9,367,0.8441801105080501,0.8719346049046321,-0.027754494396582063
0.9,1.0,7,0.9038656684261317,1.0,-0.0961343315738683
