bin_low,bin_high,n_games,mean_pred,actual_rate,gap
0.1,0.2,80,0.17872888231407993,0.1125,0.06622888231407993
0.2,0.3,254,0.2468518950991215,0.2047244094488189,0.04212748565030261
0.3,0.4,246,0.3512284643510688,0.35772357723577236,-0.006495112884703558
0.4,0.5,353,0.45263695908485274,0.43626062322946174,0.016376335855391
0.5,0.6,385,0.5515524357287505,0.5324675324675324,0.019084903261218034
0.6,0.7,374,0.6530315325337311,0.5989304812834224,0.05410105125030873
0.7,0.8,426,0.7496629008011535,0.7323943661971831,0.017268534603970376
0.8,0.9,337,0.8385195876010253,0.8635014836795252,-0.024981896078499877
