bin_low,bin_high,n_games,mean_pred,actual_rate,gap
0.1,0.2,37,0.17959297396466126,0.13513513513513514,0.044457838829526114
0.2,0.3,212,0.25727355488553666,0.18867924528301888,0.06859430960251778
0.3,0.4,296,0.35019039470212565,0.3310810810810811,0.019109313621044566
0.4,0.5,354,0.4513450360119783,0.4350282485875706,0.016316787424407675
0.5,0.6,446,0.5500451334329783,0.5515695067264574,-0.0015243732934790977
0.6,0.7,444,0.6536443883110661,0.6013513513513513,0.05229303695971477
0.7,0.8,409,0.7480365932016939,0.7481662591687042,-0.00012966596701025068
0.8,0.9,247,0.84382107173902,0.854251012145749,-0.010429940406728955
0.9,1.0,10,0.9097367834549581,0.8,0.10973678345495808
